EmpDepartment,PerformanceRating
Finance,2.7755102040816326
Sales,2.8605898123324396
Research & Development,2.9212827988338192
Human Resources,2.925925925925926
Data Science,3.05
Development,3.085872576177285
