{
  "best_model": "GradientBoosting",
  "metrics": {
    "LogisticRegression": {
      "accuracy": 0.825,
      "precision": 0.7709677419354839,
      "recall": 0.6779975579975579,
      "f1": 0.7157063129665869,
      "roc_auc": 0.9093847321084034
    },
    "RandomForest": {
      "accuracy": 0.8916666666666667,
      "precision": 0.9303807303807304,
      "recall": 0.7378754578754579,
      "f1": 0.7982140034771614,
      "roc_auc": 0.9513237508553453
    },
    "GradientBoosting": {
      "accuracy": 0.9291666666666667,
      "precision": 0.9134031067732725,
      "recall": 0.8622710622710623,
      "f1": 0.8856035219133979,
      "roc_auc": 0.9832728097783195
    }
  },
  "top_mi": {
    "EmpLastSalaryHikePercent": 0.16178257863694823,
    "EmpEnvironmentSatisfaction": 0.15457564356123488,
    "YearsSinceLastPromotion": 0.09076554901431533,
    "ExperienceYearsInCurrentRole": 0.05562197073611386,
    "EmpJobRole": 0.04515032200096569,
    "ExperienceYearsAtThisCompany": 0.03745497153422184,
    "EmpHourlyRate": 0.03392216534438752,
    "YearsWithCurrManager": 0.030300660035128102,
    "EmpDepartment": 0.02441458875429059,
    "MaritalStatus": 0.020144665351672586
  },
  "corr_with_target_top10": {
    "EmpEnvironmentSatisfaction": 0.3955609960685303,
    "EmpLastSalaryHikePercent": 0.3337218215622465,
    "YearsSinceLastPromotion": -0.16762909785906435,
    "EmpDepartment": -0.16261520687364556,
    "ExperienceYearsInCurrentRole": -0.14763779523720286,
    "EmpWorkLifeBalance": 0.12442896010503177,
    "YearsWithCurrManager": -0.12231281881984081,
    "ExperienceYearsAtThisCompany": -0.1116453423612702,
    "EmpJobRole": -0.09620932750577874,
    "EmpJobLevel": -0.0766315895825676
  }
}